#;CAMINHO NO XML;CAMPO;ELE;TIPO;OCOR.;TAM.;DESCRIÄ«O;NOTAS EXPLICATIVAS;DEMANDA;VERS«O;DATA ENTREGA
1;-;DPS;Raiz;-;-;-;-;-;-;-;-
2;DPS/;versao;A;C;1-1;1-4V2;Vers∆o do leiaute da DPS.;-;;;
3;DPS/;infDPS;G;-;1-1;-;"Grupo de Informaá‰es da 
Declaraá∆o de Prestaá∆o de Serviáos - DPS";-;;;
4;DPS/infDPS/;id;ID;C;1-1;45;"O identificador da DPS Ç composto pela concatenaá∆o de campos que constam no leiaute da DPS.
A formaá∆o deste identificador considera o literal ""DPS"" associado a outras 42 posiá‰es numÇricas, conforme descrito abaixo:

""DPS"" + 
cLocEmi (7) + 
Tipo de Inscriá∆o Federal (1) + 
Inscriá∆o Federal (14 - CPF completar com 000 Ö esquerda) + 
SÇrie DPS (5) + 
N£m. DPS (15)

Verificar se tipo de inscriá∆o e inscriá∆o, informados no identificador da DPS, est∆o corretamente correspondidos conforme o seguinte:

Tipo de inscriá∆o Federal = 1 / Inscriá∆o Federal = CPF emitente da DPS;
Tipo de inscriá∆o Federal = 2 / Inscriá∆o Federal = CNPJ emitente da DPS;

cLocEmi Ç o c¢digo do munic°pio do endereáo do emitente da DPS.";-;;;
5;DPS/infDPS/;tpAmb;E;N;1-1;1;" Identificaá∆o do tipo de ambiente no Sistema Nacional NFS-e: 
1 - Produá∆o; 
2 - Homologaá∆o;";-;;;
6;DPS/infDPS/;dhEmi;E;D;1-1;-;"Data e hora da emiss∆o da DPS.
Data e hora no formato UTC (Universal Coordinated Time):
AAAA-MM-DDThh:mm:ssTZD";-;;;
7;DPS/infDPS/;verAplic;E;C;1-1;1-20;Vers∆o do aplicativo que gerou a DPS.;-;;;
8;DPS/infDPS/;serie;E;N;1-1;5;SÇrie da DPS.;"Faixas de utilizaá∆o da sÇrie da DPS:

00001 a 49999 - Emiss∆o com aplicativo p?oprio;
50000 a 69999 - Emissor M¢vel;
70000 a 79999 - Emissor Web;
80000 a 89999 - Emiss∆o com *transcriss∆o manual (Web);

*O emitente deve informar o n£mero de sÇrie (transcrever o n£mero de sÇrie) que foi repassado ao n∆o emitente da NFS-e.";;;
9;DPS/infDPS/;nDPS;E;N;1-1;15;N£mero da DPS.;-;;;
10;DPS/infDPS/;dCompet;E;D;1-1;-;"Data de competància da prestaá∆o do serviáo.
Ano, Màs e Dia (AAAA-MM-DD)";-;;;
11;DPS/infDPS/;tpEmit;E;N;1-1;1;"Emitente da DPS:

1 - Prestador;
2 - Tomador;
3 - Intermedi†rio;";-;;;
12;DPS/infDPS/;cLocEmi;E;N;1-1;7;C¢digo de 7 d°gitos da localidade emissora da NFS-e.;"O c¢digo de munic°pio utilizado pelo Sistema Nacional NFS-e Ç o c¢digo definido para cada munic°pio pertencente Ö tabela de c¢digo de munic°pios do IBGE.

O munic°pio emissor da NFS-e Ç aquele munic°pio em que o emitente da DPS est† cadastrado e autorizado a ""emitir uma NFS-e"", ou seja, emitir uma DPS para que o sistema nacional valide as informaá‰es nela prestadas e gere a NFS-e correspondente para o emitente.

Para que o sistema nacional emita a NFS-e o munic°pio emissor deve ser conveniado e estar ativo no sistema nacional. AlÇm disso o convànio do munic°pio deve permitir que os contribuintes do munic°pio utilize os emissores p£blicos do Sistema Nacional NFS-e.

No caso dos subitens 3.04 e 22.01 da lista de serviáo anexa Ö LC 116/03, o Sistema Nacional NFS-e convencionou que a localidade emissora das NFS-e de cobranáa de ped†gio, cujo emitente Ç a concession†ria respons†vel pelo trecho de conscess∆o para exploraá∆o da rodovia, ser† o pr¢prio trecho de conscess∆o, que no sistema nacional Ç identificado como um codigo de 7 d°gitos, pois o municipio em que a conscession†ria, emitente da DPS, est† sediada pode n∆o estar conveniado ao Sistema Nacional NFS-e.";;;
13;DPS/infDPS/;subst;G;-;0-1;-;Grupo de informaá‰es relativas Ö NFS-e a ser substitu°da;-;;;
14;DPS/infDPS/subst;chSubstda;E;C;1-1;50;Chave de Acesso da NFS-e a ser substitu°da.;-;;;
15;DPS/infDPS/subst;cMotivo;E;N;1-1;1;"C¢digo de justificativa para substituiá∆o de NFS-e:

1 - Desenquadramento de NFS-e do Simples Nacional;
2 - Enquadramento de NFS-e no Simples Nacional;
3 - Inclus∆o Retroativa de Imunidade/Isená∆o para NFS-e;
4 - Exclus∆o Retroativa de Imunidade/Isená∆o para NFS-e;
5 - Rejeiá∆o de NFS-e pelo tomador ou pelo intermedi†rio se respons†vel pelo recolhimento do tributo;
9 - Outros;"; Rejeiá∆o de NFS-e pelo tomador ou pelo intermedi†rio se respons†vel pelo recolhimento do tributo.;;;
16;DPS/infDPS/subst;xMotivo;E;C;0-1;15-255;Descriá∆o do motivo da substituiá∆o da NFS-e quando o emitente deve descrever o motivo da substituiá∆o para outros motivos (cMotivo = 9).;-;;;
17;DPS/infDPS/;prest;G;-;1-1;-;Grupo de informaá‰es relativas ao prestador do serviáo;-;;;
18;DPS/infDPS/prest/;CNPJ;CE;N;1-1;14;N£mero da inscriá∆o federal (CNPJ) do prestador do serviáo.;-;;;
19;DPS/infDPS/prest/;CPF;CE;N;1-1;11;N£mero da inscriá∆o federal (CPF) do prestador do serviáo.;-;;;
20;DPS/infDPS/prest/;NIF;CE;C;1-1;40;N£mero de identificaá∆o fiscal fornecido por ¢rg∆o de administraá∆o tribut†ria no exterior.;-;;;
21;DPS/infDPS/prest/;cNaoNIF;CE;N;1-1;1;"Motivo para n∆o informaá∆o do NIF:

0 - N∆o informado na nota de origem;
1 - Dispensado do NIF;
2 - N∆o exigància do NIF;";-;;;
22;DPS/infDPS/prest/;CAEPF;E;N;0-1;14;N£mero do Cadastro de Atividade Econìmica da Pessoa F°sica (CAEPF) do prestador do serviáo.;;;;
23;DPS/infDPS/prest/;IM;E;C;0-1;15;N£mero de inscriá∆o municipal do prestador do serviáo.;-;;;
24;DPS/infDPS/prest/;xNome;E;C;0-1;150;Nome / Nome Empresarial do prestador.;-;;;
25;DPS/infDPS/prest/;end;G;-;0-1;-;Grupo de informaá‰es do endereáo do prestador de serviáo.;-;;;
26;DPS/infDPS/prest/end/;endNac;CG;-;1-1;-;Grupo de informaá‰es do endereáo nacional.;-;;;
27;DPS/infDPS/prest/end/endNac/;cMun;E;N;1-1;7;"C¢digo do munic°pio do endereáo do prestador do serviáo.
 (Tabela do IBGE)";-;;;
28;DPS/infDPS/prest/end/endNac/;CEP;E;C;1-1;8;"C¢digo numÇrico do Endereáamento Postal nacional (CEP) 
 do endereáo do prestador do serviáo.";-;;;
29;DPS/infDPS/prest/end/;endExt;CG;-;1-1;-;Grupo de informaá‰es do endereáo no exterior.;-;;;
30;DPS/infDPS/prest/end/endExt/;cPais;E;C;1-1;2;"C¢digo do pa°s do endereáo do prestador do prestador do serviáo.
 (Tabela de Pa°ses ISO)";-;;;
31;DPS/infDPS/prest/end/endExt/;cEndPost;E;C;1-1;1-11;C¢digo alfanumÇrico do Endereáamento Postal no exterior do prestador do serviáo.;-;;;
32;DPS/infDPS/prest/end/endExt/;xCidade;E;C;1-1;1-60;Nome da cidade no exterior do prestador do serviáo.;-;;;
33;DPS/infDPS/prest/end/endExt/;xEstProvReg;E;C;1-1;1-60;Estado, prov°ncia ou regi∆o da cidade no exterior do prestador do serviáo.;-;;;
34;DPS/infDPS/prest/end/;xLgr;E;C;1-1;1-255;Tipo e nome do logradouro do endereáo do prestador do serviáo.;-;;;
35;DPS/infDPS/prest/end/;nro;E;C;1-1;1-60;N£mero no logradouro do endereáo do prestador do serviáo.;-;;;
36;DPS/infDPS/prest/end/;xCpl;E;C;0-1;1-156;Complemento do endereáo do prestador do serviáo.;-;;;
37;DPS/infDPS/prest/end/;xBairro;E;C;1-1;1-60;Bairro do endereáo do prestador do serviáo.;-;;;
38;DPS/infDPS/prest/;fone;E;N;0-1;6-20;"N£mero do telefone do prestador.
(Preencher com o C¢digo DDD + n£mero do telefone. 
Nas operaá‰es com exterior Ç permitido informar o c¢digo do pa°s + c¢digo da localidade + n£mero do telefone)";-;;;
39;DPS/infDPS/prest/;email;E;C;0-1;1-80;E-mail do prestador.;-;;;
40;DPS/infDPS/prest/;regTrib;G;-;1-1;-;Grupo de informaá‰es relativas aos regimes de tributaá∆o do prestador de serviáos;-;;;
41;DPS/infDPS/prest/regTrib/;opSimpNac;E;N;1-1;1;"        Situaá∆o perante Simples Nacional:

1 - N∆o Optante;
   2 - Optante - Microempreendedor Individual (MEI);
   3 - Optante - Microempresa ou Empresa de Pequeno Porte (ME/EPP);";-;;;
42;DPS/infDPS/prest/regTrib/;regApTribSN;E;N;0-1;1;"Regime de Apuraá∆o Tribut†ria pelo Simples Nacional.

Opá∆o para que o contribuinte optante pelo Simples Nacional ME/EPP (opSimpNac = 3) possa indicar, ao emitir o documento fiscal, em qual regime de apuraá∆o os tributos federais e municipal est∆o inseridos, caso tenha ultrapassado algum sublimite ou limite definido para o Simples Nacional.
 
1 ? Regime de apuraá∆o dos tributos federais e municipal pelo SN;
2 ? Regime de apuraá∆o dos tributos federais pelo SN e o ISSQN pela NFS-e conforme respectiva legislaá∆o municipal do tributo;
3 ? Regime de apuraá∆o dos tributos federais e municipal pela NFS-e conforme respectivas legilaá‰es federal e municipal de cada tributo;";"1 - Um MEI, identificado como tal na data de competància informada na DPS ap¢s a verificaá∆o na base de dados do Simples Nacional, ser† tratado sempre como MEI no Sistema Nacional NFS-e, independentemente de quaisquer circustÉncias que o pr¢prio MEI tenha detectado que o descaracterize como MEI. A informaá∆o da situaá∆o do MEI sempre ser† aquela que for verificada no Simples Nacional na data de competància informada na DPS.

2 - Uma ME/EPP deixar† de apurar o ISSQN pelo Simples Nacional quando atribuir ao campo regAPTribSN os valores 2 ou 3, conforme leiaute DPS.";;;
43;DPS/infDPS/prest/regTrib/;regEspTrib;E;N;1-1;1;"        Tipos de Regimes Especiais de Tributaá∆o Municipal:

0 - Nenhum;
1 - Ato Cooperado (Cooperativa);
2 - Estimativa;
3 - Microempresa Municipal;
4 - Not†rio ou Registrador;
5 - Profissional Autìnomo;
6 - Sociedade de Profissionais;";-;;;
44;DPS/infDPS/;toma;G;-;0-1;-;Grupo de informaá‰es relativas ao tomador do serviáo;-;;;
45;DPS/infDPS/toma/;CNPJ;CE;N;1-1;14;N£mero da inscriá∆o federal (CNPJ) do tomador de serviáo.;-;;;
46;DPS/infDPS/toma/;CPF;CE;N;1-1;11;N£mero da inscriá∆o federal (CPF) do tomador do serviáo.;-;;;
47;DPS/infDPS/toma/;NIF;CE;C;1-1;40;N£mero de identificaá∆o fiscal fornecido por ¢rg∆o de administraá∆o tribut†ria no exterior.;-;;;
48;DPS/infDPS/toma/;cNaoNIF;CE;N;1-1;1;"Motivo para n∆o informaá∆o do NIF:

0 - N∆o informado na nota de origem;
1 - Dispensado do NIF;
2 - N∆o exigància do NIF;";-;;;
49;DPS/infDPS/toma/;CAEPF;E;N;0-1;14;,;-;;;
50;DPS/infDPS/toma/;IM;E;C;0-1;15;N£mero de inscriá∆o municipal do tomador do serviáo.;-;;;
51;DPS/infDPS/toma/;xNome;E;C;1-1;150;Nome / Nome Empresarial do tomador.;-;;;
52;DPS/infDPS/toma/;end;G;-;0-1;-;Grupo de informaá‰es do endereáo do tomador do serviáo.;-;;;
53;DPS/infDPS/toma/end/;endNac;CG;-;1-1;-;Grupo de informaá‰es do endereáo nacional.;-;;;
54;DPS/infDPS/toma/end/endNac/;cMun;E;N;1-1;7;"C¢digo do munic°pio do endereáo do tomador do serviáo.
 (Tabela do IBGE)";-;;;
55;DPS/infDPS/toma/end/endNac/;CEP;E;C;1-1;8;"C¢digo numÇrico do Endereáamento Postal nacional (CEP) 
 do endereáo do tomador do serviáo.";-;;;
56;DPS/infDPS/toma/end/;endExt;CG;-;1-1;-;Grupo de informaá‰es do endereáo no exterior.;-;;;
57;DPS/infDPS/toma/end/endExt/;cPais;E;C;1-1;2;"C¢digo do pa°s do endereáo do prestador do tomador do serviáo.
 (Tabela de Pa°ses ISO)";-;;;
58;DPS/infDPS/toma/end/endExt/;cEndPost;E;C;1-1;1-11;C¢digo alfanumÇrico do Endereáamento Postal no exterior do tomador do serviáo.;-;;;
59;DPS/infDPS/toma/end/endExt/;xCidade;E;C;1-1;1-60;Nome da cidade no exterior do tomador do serviáo.;-;;;
60;DPS/infDPS/toma/end/endExt/;xEstProvReg;E;C;1-1;1-60;Estado, prov°ncia ou regi∆o da cidade no exterior do tomador do serviáo.;-;;;
61;DPS/infDPS/toma/end/;xLgr;E;C;1-1;1-255;Tipo e nome do logradouro do endereáo do tomador do serviáo.;-;;;
62;DPS/infDPS/toma/end/;nro;E;C;1-1;1-60;N£mero no logradouro do endereáo do tomador do serviáo.;-;;;
63;DPS/infDPS/toma/end/;xCpl;E;C;0-1;1-156;Complemento do endereáo do tomador do serviáo.;-;;;
64;DPS/infDPS/toma/end/;xBairro;E;C;1-1;1-60;Bairro do endereáo do tomador do serviáo.;-;;;
65;DPS/infDPS/toma/;fone;E;N;0-1;6-20;"N£mero do telefone do tomador.
(Preencher com o C¢digo DDD + n£mero do telefone. 
Nas operaá‰es com exterior Ç permitido informar o c¢digo do pa°s + c¢digo da localidade + n£mero do telefone)";-;;;
66;DPS/infDPS/toma/;email;E;C;0-1;1-80;E-mail do tomador.;;;;
67;DPS/infDPS/;interm;G;-;0-1;-;Grupo de informaá‰es relativas ao intermedi†rio do serviáo;-;;;
68;DPS/infDPS/interm/;CNPJ;CE;N;1-1;14;N£mero da inscriá∆o federal (CNPJ) do intermedi†rio de serviáo;-;;;
69;DPS/infDPS/interm/;CPF;CE;N;1-1;11;N£mero da inscriá∆o federal (CPF) do intermedi†rio do serviáo;-;;;
70;DPS/infDPS/interm/;NIF;CE;C;1-1;40;N£mero de identificaá∆o fiscal fornecido por ¢rg∆o de administraá∆o tribut†ria no exterior;-;;;
71;DPS/infDPS/interm/;cNaoNIF;CE;N;1-1;1;"Motivo para n∆o informaá∆o do NIF:

0 - N∆o informado na nota de origem;
1 - Dispensado do NIF;
2 - N∆o exigància do NIF;";-;;;
72;DPS/infDPS/interm/;CAEPF;E;N;0-1;14;N£mero do Cadastro de Atividade Econìmica da Pessoa F°sica (CAEPF) do intermedi†rio do serviáo.;-;;;
73;DPS/infDPS/interm/;IM;E;C;0-1;15;N£mero de inscriá∆o municipal do intermedi†rio do serviáo;-;;;
74;DPS/infDPS/interm/;xNome;E;C;1-1;150;Nome / Nomer Empresarial do intermedi†rio;-;;;
75;DPS/infDPS/interm/;end;G;-;0-1;-;Grupo de informaá‰es do endereáo do intermedi†rio do serviáo.;-;;;
76;DPS/infDPS/interm/end/;endNac;CG;-;1-1;-;Grupo de informaá‰es do endereáo nacional.;-;;;
77;DPS/infDPS/interm/end/endNac/;cMun;E;N;1-1;7;"C¢digo do munic°pio do endereáo do intermedi†rio do serviáo.
 (Tabela do IBGE)";-;;;
78;DPS/infDPS/interm/end/endNac/;CEP;E;C;1-1;8;"C¢digo numÇrico do Endereáamento Postal nacional (CEP) 
 do endereáo do intermedi†rio do serviáo.";-;;;
79;DPS/infDPS/interm/end/;endExt;CG;-;1-1;-;Grupo de informaá‰es do endereáo no exterior.;-;;;
80;DPS/infDPS/interm/end/endExt/;cPais;E;C;1-1;2;"C¢digo do pa°s do endereáo do prestador do intermedi†rio do serviáo.
 (Tabela de Pa°ses ISO)";-;;;
81;DPS/infDPS/interm/end/endExt/;cEndPost;E;C;1-1;1-11;C¢digo alfanumÇrico do Endereáamento Postal no exterior do intermedi†rio do serviáo.;-;;;
82;DPS/infDPS/interm/end/endExt/;xCidade;E;C;1-1;1-60;Nome da cidade no exterior do intermedi†rio do serviáo.;-;;;
83;DPS/infDPS/interm/end/endExt/;xEstProvReg;E;C;1-1;1-60;Estado, prov°ncia ou regi∆o da cidade no exterior do intermedi†rio do serviáo.;-;;;
84;DPS/infDPS/interm/end/;xLgr;E;C;1-1;1-255;Tipo e nome do logradouro do endereáo do intermedi†rio do serviáo.;-;;;
85;DPS/infDPS/interm/end/;nro;E;C;1-1;1-60;N£mero no logradouro do endereáo do intermedi†rio do serviáo.;-;;;
86;DPS/infDPS/interm/end/;xCpl;E;C;0-1;1-156;Complemento do endereáo do intermedi†rio do serviáo.;-;;;
87;DPS/infDPS/interm/end/;xBairro;E;C;1-1;1-60;Bairro do endereáo do intermedi†rio do serviáo.;-;;;
88;DPS/infDPS/interm/;fone;E;N;0-1;6-20;"N£mero do telefone do intermedi†rio.
(Preencher com o C¢digo DDD + n£mero do telefone. 
Nas operaá‰es com exterior Ç permitido informar o c¢digo do pa°s + c¢digo da localidade + n£mero do telefone)";-;;;
89;DPS/infDPS/interm/;email;E;C;0-1;1-80;E-mail do intermedi†rio.;;;;
90;DPS/infDPS/;serv;G;G;1-1;-;Grupo de informaá‰es relativas ao serviáo prestado;-;;;
91;DPS/infDPS/serv/;locPrest;G;-;1-1;-;Grupo de informaá‰es relativas ao local da prestaá∆o do serviáo;-;;;
92;DPS/infDPS/serv/locPrest/;cLocPrestacao;CE;N;1-1;7;C¢digo da localidade da prestaá∆o do serviáo.;"Para atender o dispositivo do Art 3ß, ı 2ß,
(No caso dos serviáos a que se refere o subitem 22.01 da lista anexa, considera-se ocorrido o fato gerador e devido o imposto em cada Munic°pio em cujo territ¢rio haja extens∆o de rodovia explorada.)
o Sistema Nacional NFS-e considera o trecho de concess∆o de exploraá∆o de rodovia como uma localidade de prestaá∆o de serviáo, assim como qualquer munic°pio brasileiro.

Para atender o dispositivo do Art 3ß, ı 3ß,
(Considera-se ocorrido o fato gerador do imposto no local do estabelecimento prestador nos serviáos executados em †guas mar°timas, excetuados os serviáos descritos no subitem 20.01)
o Sistema Nacional NFS-e ""µguas Mar°timas"" como uma localidade de prestaá∆o de serviáo, assim como qualquer munic°pio brasileiro.

cLocPrestacao poder† assumir: qualquer c¢digo que represente um munic°pio da tabela de c¢digos de munic°pios do IBGE, qualquer c¢digo quer represente um trecho de concess∆o de exploraá∆o de rodovias do cadastro pr¢prio do Sistema Nacional NFS-e ou 0000000, que representa ""µguas Mar°timas"".";;;
93;DPS/infDPS/serv/locPrest/;cPaisPrestacao;CE;C;1-1;2;"C¢digo do pa°s onde ocorreu a prestaá∆o do serviáo.
(Tabela de Pa°ses ISO)";-;;;
94;DPS/infDPS/serv/;cServ;G;-;1-1;-;Grupo de informaá‰es relativas ao c¢digo do serviáo prestado;-;;;
95;DPS/infDPS/serv/cServ/;cTribNac;E;N;1-1;6;C¢digo de tributaá∆o nacional do ISSQN.;"Para o caso de serviáo prestado em ""µguas Mar°timas"" o seviáo informado nunca poder† ser 20.01";;;
96;DPS/infDPS/serv/cServ/;cTribMun;E;N;0-1;3;C¢digo de tributaá∆o municipal do ISSQN.;-;;;
97;DPS/infDPS/serv/cServ/;xDescServ;E;C;1-1;1000;Descriá∆o completa do serviáo prestado;-;;;
98;DPS/infDPS/serv/cServ/;cNBS;E;N;0-1;9;C¢digo NBS correspondente ao serviáo prestado;NBS - Nomenclatura Brasileira de Serviáos, Intang°veis e outras Operaá‰es que produzam Variaá‰es no Patrimìnio;;;
99;DPS/infDPS/serv/cServ/;cIntContrib;E;C;0-1;20;C¢digo interno do contribuinte;Utilizado para identificaá∆o da DPS no Sistema interno do Contribuinte;;;
100;DPS/infDPS/serv/;comExt;G;-;0-1;-;Grupo de informaá‰es sobre transaá‰es entre residentes ou domiciliados no Brasil com residentes ou domiciliados no exterior;-;;;
101;DPS/infDPS/serv/comExt/;mdPrestacao;E;N;1-1;1;"         Modo de Prestaá∆o:

0 - Desconhecido (tipo n∆o informado na nota de origem);
1 - Transfronteiriáo;
2 - Consumo no Brasil;
3 - Movimento Tempor†rio de Pessoas F°sicas;
4 - Consumo no Exterior;";-;;;
102;DPS/infDPS/serv/comExt/;vincPrest;E;N;1-1;1;"V°nculo entre as partes no neg¢cio:

0 - Sem v°nculo com o tomador/ Prestador
1 - Controlada;
2 - Controladora;
3 - Coligada;
4 - Matriz;
5 - Filial ou sucursal;
6 - Outro v°nculo;";Adicionar ao Hint do campo: O adquirente/ Prestador do serviáo Ç pessoa considerada vinculada ao prestador/ adquirente, nos termos do art. 23 da Lei nß 9.430, de 1996;;;
103;DPS/infDPS/serv/comExt/;tpMoeda;E;N;1-1;3;"Identifica a moeda da transaá∆o comercial. 
O usu†rio deve informar o c¢digo da moeda.";"inclus∆o, no Emissor P£blico, da tabela de moedas do Banco Central do Brasil para seleá∆o pelo emitente da NFS-e. 
No Painel Nacional dever† haver funá∆o para atualizaá∆o da tabela de Moedas.";;;
104;DPS/infDPS/serv/comExt/;vServMoeda;E;N;1-1;1-15V2;Valor do serviáo prestado expresso em moeda estrangeira especificada em tpmoeda.;-;;;
105;DPS/infDPS/serv/comExt/;mecAFComexP;E;N;1-1;2;"Mecanismo de apoio/fomento ao ComÇrcio Exterior utilizado pelo prestador do serviáo:

00 - Desconhecido (tipo n∆o informado na nota de origem);
01 - Nenhum;
02 - ACC - Adiantamento sobre Contrato de CÉmbio ? Reduá∆o a Zero do IR e do IOF;
  03 - ACE ? Adiantamento sobre Cambiais Entregues - Reduá∆o a Zero do IR e do IOF;
04 - BNDES-Exim P¢s-Embarque ? Serviáos;
 05 - BNDES-Exim PrÇ-Embarque - Serviáos;
  06 - FGE - Fundo de Garantia Ö Exportaá∆o;
07 - PROEX - EQUALIZAÄ«O
 08 - PROEX - Financiamento;";Campo dispon°vel na nota do prestador;;;
106;DPS/infDPS/serv/comExt/;mecAFComexT;E;N;1-1;2;"Mecanismo de apoio/fomento ao ComÇrcio Exterior utilizado pelo tomador do serviáo:

00 - Desconhecido (tipo n∆o informado na nota de origem);
01 - Nenhum;
02 - Adm. P£blica e Repr. Internacional;
03 - Alugueis e Arrend. Mercantil de maquinas, equip., embarc. e aeronaves;
04 - Arrendamento Mercantil de aeronave para empresa de transporte aÇreo p£blico;
05 - Comiss∆o a agentes externos na exportaá∆o;
06 - Despesas de armazenagem, mov. e transporte de carga no exterior;
07 - Eventos FIFA (subsidi†ria);
08 - Eventos FIFA;
09 - Fretes, arrendamentos de embarcaá‰es ou aeronaves e outros;
10 - Material Aeron†utico;
11 - Promoá∆o de Bens no Exterior;
12 - Promoá∆o de Dest. Tur°sticos Brasileiros;
13 - Promoá∆o do Brasil no Exterior;
14 - Promoá∆o Serviáos no Exterior;
15 - RECINE;
16 - RECOPA;
17 - Registro e Manutená∆o de marcas, patentes e cultivares;
18 - REICOMP;
19 - REIDI;
20 - REPENEC;
21 - REPES;
22 - RETAERO; 
23 - RETID;
24 - Royalties, Assistància TÇcnica, Cient°fica e Assemelhados;
25 - Serviáos de avaliaá∆o da conformidade vinculados aos Acordos da OMC;
26 - ZPE;";Campo dispon°vel na nota do tomador;;;
107;DPS/infDPS/serv/comExt/;movTempBens;E;N;1-1;1;"V°nculo da Operaá∆o Ö Movimentaá∆o Tempor†ria de Bens:

0 - Desconhecido (tipo n∆o informado na nota de origem);
1 - N∆o;
2 - Vinculada - Declaraá∆o de Importaá∆o;
3 - Vinculada - Declaraá∆o de Exportaá∆o;";-;;;
108;DPS/infDPS/serv/comExt/;nDI;E;C;0-1;1-12;N£mero da Declaraá∆o de Importaá∆o (DI/DSI/DA/DRI-E) averbado.;-;;;
109;DPS/infDPS/serv/comExt/;nRE;E;C;0-1;12;N£mero do Registro de Exportaá∆o (RE) averbado.;-;;;
110;DPS/infDPS/serv/comExt/;mdic;E;N;1-1;1;"Indicador se a NFS-e dever† ser disponibilizada ao MDIC.

0 - N∆o enviar para o MDIC;
1 - Enviar para o MDIC;";-;;;
111;DPS/infDPS/serv/;lsadppu;G;-;0-1;-;Grupo de informaá‰es relativas a atividades de Locaá∆o, sublocaá∆o, arrendamento, direito de passagem ou permiss∆o de uso, compartilhado ou n∆o, de ferrovia, rodovia, postes, cabos, dutos e condutos de qualquer natureza.;-;;;
112;DPS/infDPS/serv/lsadppu/;categ;E;N;1-1;1;"Categorias do serviáo:

1 - Locaá∆o;
2 - sublocaá∆o;
3 - arrendamento;
4 - direito de passagem;
5 - permiss∆o de uso;";-;;;
113;DPS/infDPS/serv/lsadppu/;objeto;E;N;1-1;1;"Tipo de objetos da locaá∆o, sublocaá∆o, arrendamento, direito de passagem ou permiss∆o de uso:

1 - Ferrovia;
2 - Rodovia;
3 - Postes;
4 - Cabos;
5 - Dutos;
6 - Condutos de qualquer natureza;";-;;;
114;DPS/infDPS/serv/lsadppu/;extensao;E;N;0-1;5;Extens∆o total da ferrovia, rodovia, cabos, dutos ou condutos.;-;;;
115;DPS/infDPS/serv/lsadppu/;nPostes;E;N;0-1;6;N£mero total de postes.;-;;;
116;DPS/infDPS/serv;obra;G;-;0-1;-;Grupo de informaá‰es relativas Ö obras de construá∆o civil e congàneres;-;;;
117;DPS/infDPS/serv/obra/;inscImobFisc;E;C;0-1;1-30;"Inscriá∆o imobili†ria fiscal 
(c¢digo fornecido pela prefeitura para a identificaá∆o da obra ou para fins de recolhimento do IPTU)";-;;;
118;DPS/infDPS/serv/obra/;cObra;CE;C;1-1;1-30;"N£mero de identificaá∆o da obra.
Cadastro Nacional de Obras (CNO) ou Cadastro Espec°fico do INSS (CEI).";-;;;
119;DPS/infDPS/serv/obra/;end;CG;-;1-1;-;Grupo de informaá‰es do endereáo da obra.;-;;;
120;DPS/infDPS/serv/obra/end/;CEP;CE;C;1-1;8;C¢digo de Endereáamento Postal numÇrico do endereáo nacional da obra.;-;;;
121;DPS/infDPS/serv/obra/end/;endExt;CG;-;1-1;-;Grupo de informaá‰es descritivas do endereáo no exterior da obra.;-;;;
122;DPS/infDPS/serv/obra/end/endExt/;cEndPost;E;C;1-1;1-11;C¢digo de Endereáamento Postal alfanumÇrico do endereáo no exterior da obra.;-;;;
123;DPS/infDPS/serv/obra/end/endExt/;xCidade;E;C;1-1;1-60;Nome da cidade no exterior, local da obra.;-;;;
124;DPS/infDPS/serv/obra/end/endExt/;xEstProvReg;E;C;1-1;1-60;Estado, prov°ncia ou regi∆o da cidade no exterior, local da obra.;-;;;
125;DPS/infDPS/serv/obra/end/;xLgr;E;C;1-1;1-255;Tipo e nome do logradouro do endereáo da obra.;-;;;
126;DPS/infDPS/serv/obra/end/;nro;E;C;1-1;1-60;N£mero no logradouro do endereáo da obra.;-;;;
127;DPS/infDPS/serv/obra/end/;xCpl;E;C;0-1;1-156;Complemento do endereáo da obra.;-;;;
128;DPS/infDPS/serv/obra/end/;xBairro;E;C;1-1;1-60;Bairro do endereáo da obra.;-;;;
129;DPS/infDPS/serv/;atvEvento;G;-;0-1;-;Grupo de informaá‰es relativas Ö atividades de eventos;-;;;
130;DPS/infDPS/serv/atvEvento/;xNome;E;C;1-1;255;Nome do evento Art°stico, Cultural, Esportivo, ...;-;;;
131;DPS/infDPS/serv/atvEvento/;dtIni;E;D;1-1;-;"Data de in°cio da atividade de evento.
Ano, Màs e Dia (AAAA-MM-DD)";-;;;
132;DPS/infDPS/serv/atvEvento/;dtFim;E;D;1-1;-;"Data de fim da atividade de evento.
Ano, Màs e Dia (AAAA-MM-DD)";-;;;
133;DPS/infDPS/serv/atvEvento/;idAtvEvt;CE;C;1-1;1-30;"Identificaá∆o da Atividade de Evento 
(c¢digo identificador de evento determinado pela Administraá∆o Tribut†ria Municipal)";Choice com o grupo de endereáo da atividade de evento;;;
134;DPS/infDPS/serv/atvEvento/;end;CG;-;1-1;-;Grupo de informaá‰es do endereáo da atividade de evento.;;;;
135;DPS/infDPS/serv/atvEvento/end/;CEP;CE;C;1-1;8;C¢digo de Endereáamento Postal numÇrico do endereáo nacional da atividade de evento.;;;;
136;DPS/infDPS/serv/atvEvento/end/;endExt;CG;-;1-1;-;Grupo de informaá‰es descritivas do endereáo no exterior da atividade de evento.;;;;
137;DPS/infDPS/serv/atvEvento/end/endExt/;cEndPost;E;C;1-1;11;C¢digo de Endereáamento Postal alfanumÇrico do endereáo no exterior da atividade de evento.;;;;
138;DPS/infDPS/serv/atvEvento/end/endExt/;xCidade;E;C;1-1;1-60;Nome da cidade no exterior, local da atividade de evento.;;;;
139;DPS/infDPS/serv/atvEvento/end/endExt/;xEstProvReg;E;C;1-1;1-60;Estado, prov°ncia ou regi∆o da cidade no exterior, local da atividade de evento.;;;;
140;DPS/infDPS/serv/atvEvento/end/;xLgr;E;C;1-1;1-255;Tipo e nome do logradouro do endereáo da atividade de evento.;;;;
141;DPS/infDPS/serv/atvEvento/end/;nro;E;C;1-1;1-60;N£mero no logradouro do endereáo da atividade de evento.;;;;
142;DPS/infDPS/serv/atvEvento/end/;xCpl;E;C;0-1;1-156;Complemento do endereáo da atividade de evento.;;;;
143;DPS/infDPS/serv/atvEvento/end/;xBairro;E;C;1-1;1-60;Bairro do endereáo da atividade de evento.;;;;
144;DPS/infDPS/serv/;explRod;G;-;0-1;-;Grupo de informaá‰es relativas a atividades de Exploraá∆o de Rodovia;-;;;
145;DPS/infDPS/serv/explRod/;categVeic;E;N;1-1;2;"Categorias de ve°culos para cobranáa:

00 - Categoria de Ve°culos (tipo n∆o informado na nota de origem);
01 - Autom¢vel, caminhonete e furg∆o;
02 - Caminh∆o leve, ìnibus, caminh∆o trator e furg∆o;
03 - Autom¢vel e caminhonete com semireboque;
04 - Caminh∆o, caminh∆o-trator, caminh∆o-trator com semi-reboque e ìnibus;
05 - Autom¢vel e caminhonete com reboque;
06 - Caminh∆o com reboque;
07 - Caminh∆o trator com semi-reboque;
08 - Motocicletas, motonetas e bicicletas motorizadas;
09 - Ve°culo especial;
10 - Ve°culo Isento;";"Precisa maior refinamento.

A categorizaá∆o de ve°culo e a rodagem parecem ser um tipo de padr∆o nacional usado para cobranáa de ped†gio. Deve-se confirmar junto Ös concession†rias ou ANTT e avaliar se faz sentido ser informado no documento fiscal.

Agregamos mais itens (alÇm dos que j† estabelecidos na IN RFB 1731) para aprofundar as discuss‰es, pois o entendimento destas informaá‰es espec°ficas para ped†gio no leiaute DPS podem influenciar a construá∆o do Painel Administrativo para Contratos de Ped†gio.

A especificaá∆o atÇ o momento realizada para este painel, a ser realizada pela pr¢pria concession†ria est† muito bem encaminhada na prÇ-especificaá∆o que foi realizada.

Uma vez concebido um fluxo de processo para a emiss∆o e recepá∆o do documento fiscal pela concession†ria prestadora do serviáo descrito no subitem 22.01, Ç necess†rio aprofundar as discuss‰es sobre as informaá‰es que ser∆o necess†rias no leiaute pensando no painel para incluir ou dispensar esta ou outra informaá∆o, se ser∆o o n∆o validadas com as informaá‰es cadastradas no painel.";;;
146;DPS/infDPS/serv/explRod/;nEixos;E;N;1-1;1-2;N£mero de eixos para fins de cobranáa.;;;;
147;DPS/infDPS/serv/explRod/;rodagem;E;N;1-1;1;"Tipo de rodagem:

1 - Simples;
2 - Dupla;";;;;
148;DPS/infDPS/serv/explRod/;sentido;E;C;1-1;1-3;"Orientaá∆o de passagem do ve°culo:

∂ngulo em graus a partir do norte geogr†fico em sentido hor†rio, n£mero inteiro de 0 a 359, onde 0ß seria o norte, 90ß o leste, 180ß o sul, 270ß o oeste. Precis∆o m°nima de 10.";;;;
149;DPS/infDPS/serv/explRod/;placa;E;C;1-1;7;Placa do ve°culo.;;;;
150;DPS/infDPS/serv/explRod/;codAcessoPed;E;C;1-1;10;C¢digo de acesso gerado automaticamente pelo sistema emissor da concession†ria.;Identifica unicamente a DPS pelo tomador de serviáo que informar† este c¢digo na consulta p£blica realizada no Sistema Nacional NFS-e, o que possibilitar† incluir seu CPF/CNPJ na DPS.;;;
151;DPS/infDPS/serv/explRod/;codContrato;E;C;1-1;4;C¢digo de contrato do cadastro da concession†ria.;Este c¢digo foi gerado automaticamente pelo sistema nacional quando do cadastro do contrato de concess∆o para exploraá∆o da rodovia da concession†ria.;;;
152;DPS/infDPS/serv;infoCompl;G;-;0-1;-;Grupo de informaá‰es complementares dispon°vel para todos os serviáos prestados;Campos poss°veis de preenchimento na DPS para todos os subitens da lista de serviáos que forem prestados;;;
153;DPS/infDPS/serv/infoCompl/;idDocTec;E;C;0-1;1-40;"Identificador de Documento de Responsabilidade TÇcnica:
ART, RRT, DRT, Outros.";;;;
154;DPS/infDPS/serv/infoCompl/;docRef;E;C;0-1;255;Chave da nota, n£mero identificador da nota, n£mero do contrato ou outro identificador de documento emitido pelo prestador de serviáos, que subsidia a emiss∆o dessa nota pelo tomador do serviáo ou intermedi†rio (preenchimento obrigat¢rio caso a nota esteja sendo emitida pelo Tomador ou intermedi†rio do serviáo).;;;;
155;DPS/infDPS/serv/infoCompl/;xInfComp;E;C;0-1;2000;Campo livre para preenchimento pelo contribuinte.;;;;
156;DPS/infDPS/;valores;G;-;1-1;-;Grupo de informaá‰es relativas Ö valores do serviáo prestado;-;;;
157;DPS/infDPS/valores/;vServPrest;G;-;1-1;-;Grupo de informaá‰es relativas aos valores do serviáo prestado;-;;;
158;DPS/infDPS/valores/vServPrest/;vReceb;E;N;0-1;1-15V2;Valor monet†rio recebido pelo intermedi†rio do serviáo (R$).;-;;;
159;DPS/infDPS/valores/vServPrest/;vServ;E;N;1-1;1-15V2;Valor monet†rio do serviáo (R$).;-;;;
160;DPS/infDPS/valores/;vDescCondIncond;G;-;0-1;-;Grupo de informaá‰es relativas aos descontos condicionados e incondicionados;-;;;
161;DPS/infDPS/valores/vDescCondIncond/;vDescIncond;E;N;0-1;1-15V2;Valor monet†rio do desconto incondicionado (R$).;-;;;
162;DPS/infDPS/valores/vDescCondIncond/;vDescCond;E;N;0-1;1-15V2;Valor monet†rio do desconto condicionado (R$).;-;;;
163;DPS/infDPS/valores/;vDedRed;G;-;0-1;-;Grupo de informaá‰es relativas ao valores para deduá∆o/reduá∆o do valor da base de c†lculo (valor do serviáo);-;;;
164;DPS/infDPS/valores/vDedRed/;pDR;CE;N;1-1;1-3V2;Valor percentual padr∆o para deduá∆o/reduá∆o do valor do serviáo.;"As tràs opá‰es para informaá∆o de Deduá∆o/Reduá∆o, caso exista, s∆o:
Valor, Percentual ou Documento;";;;
165;DPS/infDPS/valores/vDedRed/;vDR;CE;N;1-1;1-15V2;Valor monet†rio padr∆o para deduá∆o/reduá∆o do valor do serviáo.;;;;
166;DPS/infDPS/valores/vDedRed/;documentos;CG;-;1-1;-;Grupo de informaá‰es de documento utilizado para deduá∆o/reduá∆o do valor da base de c†lculo (valor do serviáo);;;;
167;DPS/infDPS/valores/vDedRed/documentos;docDedRed;G;-;1-1000;-;Grupo de informaá‰es de documento utilizado para deduá∆o/reduá∆o do valor da base de c†lculo (valor do serviáo);;;;
168;DPS/infDPS/valores/vDedRed/documentos/docDedRed/;chNFSe;CE;N;1-1;50;Chave de acesso da NFS-e (padr∆o nacional).;"Para o caso de informaá∆o de documento para Deduá∆o/Reduá∆o existem seis opá‰es poss°veis:
NFS-e, 
NF-e, 
Outras NFS-e, 
NFS/NFS (Modelo n∆o eletrìnico), 
Outros documentos fiscais e
Outros documentos;";;;
169;DPS/infDPS/valores/vDedRed/documentos/docDedRed/;chNFe;CE;N;1-1;44;Chave de acesso da NF-e.;;;;
170;DPS/infDPS/valores/vDedRed/documentos/docDedRed/;NFSeMun;CG;-;1-1;-;"Grupo de informaá‰es para outras notas eletrìnicas municipais
(Nota eletrìnica municipal emitida fora do padr∆o nacional)";;;;
171;DPS/infDPS/valores/vDedRed/documentos/docDedRed/NFSeMun/;cMunNFSeMun;E;N;1-1;7;"C¢digo Munic°pio emissor da nota eletrìnica municipal.
(Tabela do IBGE)";;;;
172;DPS/infDPS/valores/vDedRed/documentos/docDedRed/NFSeMun/;nNFSeMun;E;N;1-1;15;N£mero da nota eletrìnica municipal.;;;;
173;DPS/infDPS/valores/vDedRed/documentos/docDedRed/NFSeMun/;cVerifNFSeMun;E;C;1-1;9;C¢digo de Verificaá∆o da nota eletrìnica municipal.;;;;
174;DPS/infDPS/valores/vDedRed/documentos/docDedRed/;NFNFS;CG;-;1-1;-;"Grupo de informaá‰es de NF ou NFS
(Modelo n∆o eletrìnico)";;;;
175;DPS/infDPS/valores/vDedRed/documentos/docDedRed/NFNFS/;nNFS;E;N;1-1;7;N£mero da Nota Fiscal NF ou NFS.;;;;
176;DPS/infDPS/valores/vDedRed/documentos/docDedRed/NFNFS/;modNFS;E;N;1-1;15;Modelo da Nota Fiscal NF ou NFS.;;;;
177;DPS/infDPS/valores/vDedRed/documentos/docDedRed/NFNFS/;serieNFS;E;C;1-1;9;SÇrie Nota Fiscal NF ou NFS.;;;;
178;DPS/infDPS/valores/vDedRed/documentos/docDedRed/;nDocFisc;CE;C;1-1;255;Identificador de documento fiscal diferente dos demais do grupo.;;;;
179;DPS/infDPS/valores/vDedRed/documentos/docDedRed/;nDoc;CE;C;1-1;255;Identificador de documento n∆o fiscal diferente dos demais do grupo.;;;;
180;DPS/infDPS/valores/vDedRed/documentos/docDedRed/;tpDedRed;E;N;1-1;2;"Tipo da Deduá∆o/Reduá∆o:

01 ? Alimentaá∆o e bebidas/frigobar; 
02 ? Materiais;
 0 3 ? Produá∆o externa;
 04 ? Reembolso de despesas;
  05 ? Repasse consorciado;
  06 ? Repasse plano de sa£de;
  07 ? Serviáos;
08 ? Subempreitada de m∆o de obra;
99 ? Outras deduá‰es;";"O grupo de informaá‰es de documentos para deduá∆o/reduá∆o pode n∆o ter correspondància para Munic°pios que n∆o utilizem o padr∆o ABRASF na vers∆o 2.04.

Nesse caso, sugere-se que o Munic°pio que v† utilizar a transcriá∆o da NFS-e do padr∆o de seu emissor para o padr∆o nacional, para encaminhamento ao ADN, apenas para essa fase inicial de implantaá∆o do padr∆o, utilize nessa operaá∆o o valor obtido como deduá∆o/reduá∆o e o informe como ?valor monet†rio?, e n∆o ?documentos?.

Nesse sentido, tambÇm o Painel Administrativo Municipal deve ser parametrizado como deduá∆o por ?valor monet†rio? para o c¢digo de serviáo correspondente, atÇ que seu emissor pr¢prio passe a refletir na origem o padr∆o nacional.";;;
181;DPS/infDPS/valores/vDedRed/documentos/docDedRed/;xDescOutDed;E;C;0-1;150;"Descriá∆o da Deduá∆o/Reduá∆o quando a opá∆o Ç ""99 ? Outras Deduá‰es"".";-;;;
182;DPS/infDPS/valores/vDedRed/documentos/docDedRed/;dtEmiDoc;E;D;1-1;-;"Data da emiss∆o do documento dedut°vel.
Ano, màs e dia (AAAA-MM-DD)";-;;;
183;DPS/infDPS/valores/vDedRed/documentos/docDedRed/;vDedutivelRedutivel;E;N;1-1;1-15V2;"Valor monet†rio total dedut°vel/redut°vel no documento informado (R$).
Este Ç o valor total no documento informado que Ç pass°vel de deduá∆o/reduá∆o.";-;;;
184;DPS/infDPS/valores/vDedRed/documentos/docDedRed/;vDeducaoReducao;E;N;1-1;1-15V2;"Valor monet†rio utilizado para deduá∆o/reduá∆o do valor do serviáo da NFS-e que est† sendo emitida (R$). 
Deve ser menor ou igual ao valor deduz°vel/redut°vel (vDedutivelRedutivel).";-;;;
185;DPS/infDPS/valores/vDedRed/documentos/docDedRed/;fornec;G;-;0-1;-;Grupo de informaá‰es do fornecedor do serviáo prestado;-;;;
186;DPS/infDPS/valores/vDedRed/documentos/docDedRed/fornec/;CNPJ;CE;N;1-1;14;N£mero da inscriá∆o federal (CNPJ) do fornecedor de serviáo.;-;;;
187;DPS/infDPS/valores/vDedRed/documentos/docDedRed/fornec/;CPF;CE;N;1-1;11;N£mero da inscriá∆o federal (CPF) do fornecedor do serviáo.;-;;;
188;DPS/infDPS/valores/vDedRed/documentos/docDedRed/fornec/;NIF;CE;N;1-1;40;Este elemento s¢ dever† ser preenchido para fornecedores n∆o residentes no Brasil.;-;;;
189;DPS/infDPS/valores/vDedRed/documentos/docDedRed/fornec/;cNaoNIF;CE;N;1-1;1;"Motivo para n∆o informaá∆o do NIF:

0 - N∆o informado na nota de origem;
1 - Dispensado do NIF;
2 - N∆o exigància do NIF;";-;;;
190;DPS/infDPS/valores/vDedRed/documentos/docDedRed/fornec/;CAEPF;E;N;0-1;14;N£mero do Cadastro de Atividade Econìmica da Pessoa F°sica (CAEPF) do prestador do serviáo.;-;;;
191;DPS/infDPS/valores/vDedRed/documentos/docDedRed/fornec/;IM;E;C;0-1;15;N£mero de inscriá∆o municipal do fornecedor.;-;;;
192;DPS/infDPS/valores/vDedRed/documentos/docDedRed/fornec/;xNome;E;C;1-1;150;Nome / Raz∆o Social do fornecedor.;-;;;
193;DPS/infDPS/valores/vDedRed/documentos/docDedRed/fornec/;end;G;-;0-1;-;Grupo de informaá‰es do endereáo do fornecedor.;-;;;
194;DPS/infDPS/valores/vDedRed/documentos/docDedRed/fornec/;endNac;CG;-;1-1;-;Grupo de informaá‰es do endereáo nacional.;-;;;
195;DPS/infDPS/valores/vDedRed/documentos/docDedRed/fornec/endNac/;cMun;E;N;1-1;7;"C¢digo do munic°pio do endereáo do fornecedor.
 (Tabela do IBGE)";-;;;
196;DPS/infDPS/valores/vDedRed/documentos/docDedRed/fornec/endNac/;CEP;E;C;1-1;8;"C¢digo numÇrico do Endereáamento Postal nacional (CEP) 
 do endereáo do fornecedor.";-;;;
197;DPS/infDPS/valores/vDedRed/documentos/docDedRed/fornec/;endExt;CG;-;1-1;-;Grupo de informaá‰es do endereáo no exterior.;-;;;
198;DPS/infDPS/valores/vDedRed/documentos/docDedRed/fornec/endExt/;cPais;E;C;1-1;2;"C¢digo do pa°s do endereáo do prestador do fornecedor.
 (Tabela de Pa°ses ISO)";-;;;
199;DPS/infDPS/valores/vDedRed/documentos/docDedRed/fornec/endExt/;cEndPost;E;C;1-1;11;C¢digo alfanumÇrico do Endereáamento Postal no exterior do fornecedor.;-;;;
200;DPS/infDPS/valores/vDedRed/documentos/docDedRed/fornec/endExt/;xCidade;E;C;1-1;1-60;Nome da cidade no exterior do fornecedor.;-;;;
201;DPS/infDPS/valores/vDedRed/documentos/docDedRed/fornec/endExt/;xEstProvReg;E;C;1-1;1-60;Estado, prov°ncia ou regi∆o da cidade no exterior do fornecedor.;-;;;
202;DPS/infDPS/valores/vDedRed/documentos/docDedRed/fornec/;xLgr;E;C;1-1;1-255;Tipo e nome do logradouro do endereáo do fornecedor.;-;;;
203;DPS/infDPS/valores/vDedRed/documentos/docDedRed/fornec/;nro;E;C;1-1;1-60;N£mero no logradouro do endereáo do fornecedor.;-;;;
204;DPS/infDPS/valores/vDedRed/documentos/docDedRed/fornec/;xCpl;E;C;0-1;1-156;Complemento do endereáo do fornecedor.;-;;;
205;DPS/infDPS/valores/vDedRed/documentos/docDedRed/fornec/;xBairro;E;C;1-1;1-60;Bairro do endereáo do fornecedor.;-;;;
206;DPS/infDPS/valores/vDedRed/documentos/docDedRed/fornec/;fone;E;N;0-1;6-20;"N£mero do telefone do fornecedor.
(Preencher com o C¢digo DDD + n£mero do telefone. 
Nas operaá‰es com exterior Ç permitido informar o c¢digo do pa°s + c¢digo da localidade + n£mero do telefone)";-;;;
207;DPS/infDPS/valores/vDedRed/documentos/docDedRed/fornec/;email;E;C;0-1;1-80;E-mail do fornecedor.;-;;;
208;DPS/infDPS/valores/;trib;G;-;1-1;-;Grupo de informaá‰es relacionados aos tributos relacionados ao serviáo prestado;-;;;
209;DPS/infDPS/valores/trib/;tribMun;G;-;1-1;-;"Grupo de informaá‰es relacionados ao 
Imposto Sobre Serviáos de Qualquer Natureza - ISSQN";-;;;
210;DPS/infDPS/valores/trib/tribMun/;tribISSQN;E;N;1-1;1;"Tributaá∆o do ISSQN sobre o serviáo prestado:

1 - Operaá∆o tribut†vel;
2 - Imunidade
3 - Exportaá∆o de serviáo;
4 - N∆o Incidància;";-;;;
211;DPS/infDPS/valores/trib/tribMun/;cPaisResult;E;N;0-1;2;"C¢digo do pa°s onde ocorreu o resultado do serviáo prestado.
(Tabela de Pa°ses ISO)";Se houver indicaá∆o pelo emitente de que exportaá∆o de serviáo, mesmo n∆o havendo nenhum elemento para a ocorrància de exportaá∆o, ent∆o o emitente deve indicar em qual pa°s ocorreu o resultado do serviáo prestado.;;;
212;DPS/infDPS/valores/trib/tribMun/;BM;G;-;0-1;-;Grupo de informaá‰es sobre o tipo do Benef°cio Municipal;-;;;
213;DPS/infDPS/valores/trib/tribMun/BM/;nBM;E;N;1-1;14;"Identificador do benef°cio parametrizado pelo munic°pio.

Trata-se de um identificador £nico que foi gerado pelo Sistema Nacional no momento em que o munic°pio de incidància do ISSQN incluiu o benef°cio no sistema.

CritÇrio de formaá∆o do n£mero de identificaá∆o de parÉmetros municipais:

7 d°gitos - posiá∆o 1 a 7: n£mero identificador do Munic°pio, conforme c¢digo IBGE;
2 d°gitos - posiá‰es 8 e 9 : n£mero identificador do tipo de parametrizaá∆o 
(01-legislaá∆o, 02-regimes especiais, 03-retená‰es, 04-outros benef°cios);
5 d°gitos - posiá∆o 10 a 14 : n£mero sequencial definido pelo sistema quando do registro espec°fico do parÉmetro dentro do tipo de parametrizaá∆o no sistema;";"Trata-se de um identificador £nico que foi gerado pelo Sistema Nacional no momento em que o munic°pio de incidància do ISSQN incluiu o benef°cio no sistema.

CritÇrio de formaá∆o do n£mero de identificaá∆o de parÉmetros municipais:

7 d°gitos - posiá∆o 1 a 7: n£mero identificador do Munic°pio, conforme c¢digo IBGE;

2 d°gitos - posiá‰es 8 e 9 : n£mero identificador do tipo de parametrizaá∆o 
(01-legislaá∆o, 02-regimes especiais, 03-retená‰es, 04-outros benef°cios);

5 d°gitos - posiá∆o 10 a 14 : n£mero sequencial definido pelo sistema quando do registro espec°fico do parÉmetro dentro do tipo de parametrizaá∆o no sistema;

O emitente poder† obter essa informaá∆o de parametrizaá∆o do munic°pio atravÇs de API pr¢pria que dar† publicidade Ös parametrizaá‰es dos munic°pios.";;;
214;DPS/infDPS/valores/trib/tribMun/BM/;vRedBCBM;CE;N;0-1;1-15V2;Valor monet†rio (R$) informado pelo emitente para reduá∆o da base de c†lculo (BC) do ISSQN devido a um Benef°cio Municipal (BM).;-;;;
215;DPS/infDPS/valores/trib/tribMun/BM/;pRedBCBM;CE;N;0-1;1-3V2;Valor percentual (%) informado pelo emitente para reduá∆o da base de c†lculo (BC) do ISSQN devido a um Benef°cio Municipal (BM).;O limite para este valor percentual informado pelo emitente est† previamente parametrizado pelo munic°pio de incidància no cadastro do benef°cio municipal.;;;
216;DPS/infDPS/valores/trib/tribMun/;exigSusp;G;-;0-1;-;Informaá‰es para a suspens∆o da Exigibilidade do ISSQN;-;;;
217;DPS/infDPS/valores/trib/tribMun/exigSusp/;tpSusp;E;N;1-1;1;"Opá∆o para Exigibilidade Suspensa:

1 - Exigibilidade do ISSQN Suspensa por Decis∆o Judicial;
2 - Exigibilidade do ISSQN Suspensa por Processo Administrativo;";-;;;
218;DPS/infDPS/valores/trib/tribMun/exigSusp/;nProcesso;E;C;1-1;30;N£mero do processo judicial ou administrativo de suspens∆o da exigibilidade.;-;;;
219;DPS/infDPS/valores/trib/tribMun/;tpImunidade;E;N;0-1;1;"Identificaá∆o da Imunidade do ISSQN ? somente para o caso de Imunidade.

Tipos de Imunidades:

0 - Imunidade (tipo n∆o informado na nota de origem);
1 - Patrimìnio, renda ou serviáos, uns dos outros (CF88, Art 150, VI, a);
2 - Templos de qualquer culto (CF88, Art 150, VI, b);
3 - Patrimìnio, renda ou serviáos dos partidos pol°ticos, inclusive suas fundaá‰es, das entidades sindicais dos trabalhadores, das instituiá‰es de educaá∆o e de assistància social, sem fins lucrativos, atendidos os requisitos da lei (CF88, Art 150, VI, c);
4 - Livros, jornais, peri¢dicos e o papel destinado a sua impress∆o (CF88, Art 150, VI, d);
5 - Fonogramas e videofonogramas musicais produzidos no Brasil contendo obras musicais ou literomusicais de autores brasileiros e/ou obras em geral interpretadas por artistas brasileiros bem como os suportes materiais ou arquivos digitais que os contenham, salvo na etapa de replicaá∆o industrial de m°dias ¢pticas de leitura a laser.   (CF88, Art 150, VI, e);";-;;;
220;DPS/infDPS/valores/trib/tribMun/;pAliq;E;N;0-1;1V2;Valor da al°quota (%) do serviáo prestado relativo ao munic°pio sujeito ativo (munic°pio de incidància) do ISSQN.;"Se o munic°pio de incidància pertence ao Sistema Nacional NFS-e a al°quota estar† parametrizada e, portanto, ser† fornecida pelo sistema.

Se o munic°pio de incidància n∆o pertence ao Sistema Nacional NFS-e a al°quota n∆o estar† parametrizada e, por isso, dever† ser fornecida pelo emitente.";;;
221;DPS/infDPS/valores/trib/tribMun/; tpRetISSQN;E;N;0-1;1;"Tipo de retencao do ISSQN:

1 - N∆o Retido;
2 - Retido pelo Tomador;
3 - Retido pelo Intermediario;";-;;;
222;DPS/infDPS/valores/trib/;tribFed;G;-;0-1;-;Grupo de informaá‰es de outros tributos relacionados ao serviáo prestado;-;;;
223;DPS/infDPS/valores/trib/tribFed/;piscofins;G;-;0-1;-;Grupo de informaá‰es dos tributos PIS/COFINS;-;;;
224;DPS/infDPS/valores/trib/tribFed/piscofins/;CST;E;N;1-1;2;"        C¢digo de Situaá∆o Tribut†ria do PIS/COFINS (CST):

00 - Nenhum;      
01 - Operaá∆o Tribut†vel com Al°quota B†sica;
02 - Operaá∆o Tribut†vel com Al°quota Diferenciada;
03 - Operaá∆o Tribut†vel com Al°quota por Unidade de Medida de Produto;
04 - Operaá∆o Tribut†vel monof†sica - Revenda a Al°quota Zero;
05 - Operaá∆o Tribut†vel por Substituiá∆o Tribut†ria;
06 - Operaá∆o Tribut†vel a Al°quota Zero;
07 - Operaá∆o Tribut†vel da Contribuiá∆o;
08 - Operaá∆o sem Incidància da Contribuiá∆o;
09 - Operaá∆o com Suspens∆o da Contribuiá∆o;";-;;;
225;DPS/infDPS/valores/trib/tribFed/piscofins/;vBCPisCofins;E;N;0-1;1-15V2;Valor da Base de C†lculo do PIS/COFINS (R$).;-;;;
226;DPS/infDPS/valores/trib/tribFed/piscofins/;pAliqPis;E;N;0-1;1-2V2;Valor da Al°quota do PIS (%).;-;;;
227;DPS/infDPS/valores/trib/tribFed/piscofins/;pAliqCofins;E;N;0-1;1-2V2;Valor da Al°quota da COFINS (%).;-;;;
228;DPS/infDPS/valores/trib/tribFed/piscofins/;vPis;E;N;0-1;1-15V2;Valor monet†rio do PIS (R$).;-;;;
229;DPS/infDPS/valores/trib/tribFed/piscofins/;vCofins;E;N;0-1;1-15V2;Valor monet†rio do COFINS (R$).;-;;;
230;DPS/infDPS/valores/trib/tribFed/piscofins/; tpRetPisCofins;E;N;0-1;1;"        Tipo de retencao do Pis/Cofins:
1 - Retido;
2 - N∆o Retido;";-;;;
231;DPS/infDPS/valores/trib/tribFed/;vRetCP;E;N;0-1;1-15V2;Valor monet†rio do CP(R$).;-;;;
232;DPS/infDPS/valores/trib/tribFed/;vRetIRRF;E;N;0-1;1-15V2;Valor monet†rio do IRRF (R$).;-;;;
233;DPS/infDPS/valores/trib/tribFed/;vRetCSLL;E;N;0-1;1-15V2;Valor monet†rio do CSLL (R$).;-;;;
234;DPS/infDPS/valores/trib/;totTrib;G;-;1-1;-;Grupo de informaá‰es para totais aproximados dos tributos relacionados ao serviáo prestado;-;;;
235;DPS/infDPS/valores/trib/totTrib/;vTotTrib;CG;-;0-1;-;"Valor monet†rio total aproximado dos tributos, 
em conformidade com o artigo 1o da Lei no 12.741/2012";-;;;
236;DPS/infDPS/valores/trib/totTrib/vTotTrib/;vTotTribFed;E;N;1-1;1-15V2;Valor monet†rio total aproximado dos tributos federais (R$).;-;;;
237;DPS/infDPS/valores/trib/totTrib/vTotTrib/;vTotTribEst;E;N;1-1;1-15V2;Valor monet†rio total aproximado dos tributos estaduais (R$).;-;;;
238;DPS/infDPS/valores/trib/totTrib/vTotTrib/;vTotTribMun;E;N;1-1;1-15V2;Valor monet†rio total aproximado dos tributos municipais (R$).;-;;;
239;DPS/infDPS/valorestrib/totTrib/;pTotTrib;CG;-;0-1;-;"Valor percentual total aproximado dos tributos, 
em conformidade com o artigo 1o da Lei no 12.741/2012";-;;;
240;DPS/infDPS/valores/trib/totTrib/pTotTrib/;pTotTribFed;E;N;1-1;1-2V2;Valor percentual total aproximado dos tributos federais (%).;-;;;
241;DPS/infDPS/valores/trib/totTrib/pTotTrib/;pTotTribEst;E;N;1-1;1-2V2;Valor percentual total aproximado dos tributos estaduais (%).;-;;;
242;DPS/infDPS/valores/trib/totTrib/pTotTrib/;pTotTribMun;E;N;1-1;1-2V2;Valor percentual total aproximado dos tributos municipais (%).;-;;;
243;DPS/infDPS/valores/trib/totTrib/;indTotTrib;CE;N;0-1;1;"Indicador de informaá∆o de valor total de tributos. 
Se informado indica que o emitente opta por n∆o informar nenhum valor estimado para os Tributos 
(Decreto 8.264/2014).

0 - N∆o;";-;;;
244;DPS/infDPS/valores/trib/totTrib/;pTotTribSN;CE;N;0-1;1-2V2;Valor percentual aproximado do total dos tributos da al°quota do Simples Nacional (%).;-;;;
245;DPS/;Signature;G;-;0-1;-;"Assinatura XML da NFS-e Segundo o Padr∆o XML Digital Signature
Obrigat¢rio quando for enviado para API..
Demais casos poder∆o ser opcionais a serem definidos em regra de validaá∆o.";-;;;
